{"stats":{"minecraft:killed":{"minecraft:sheep":2},"minecraft:picked_up":{"minecraft:raw_iron":5,"minecraft:wooden_pickaxe":1,"minecraft:oak_log":6,"minecraft:spruce_sapling":1,"minecraft:spruce_log":23,"minecraft:dirt":7,"minecraft:mutton":3,"minecraft:coal":5,"minecraft:white_wool":2,"minecraft:cobblestone":21},"minecraft:mined":{"minecraft:iron_ore":6,"minecraft:spruce_log":24,"minecraft:coal_ore":6,"minecraft:grass_block":4,"minecraft:oak_log":6,"minecraft:dirt":3,"minecraft:spruce_leaves":4,"minecraft:stone":21,"minecraft:oak_leaves":1},"minecraft:custom":{"minecraft:time_since_rest":9456,"minecraft:sprint_one_cm":7198,"minecraft:damage_taken":20,"minecraft:walk_one_cm":21787,"minecraft:mob_kills":2,"minecraft:drop":2,"minecraft:damage_dealt":223,"minecraft:swim_one_cm":5896,"minecraft:interact_with_crafting_table":4,"minecraft:fly_one_cm":2015,"minecraft:crouch_one_cm":1857,"minecraft:play_time":9456,"minecraft:sneak_time":1941,"minecraft:walk_under_water_one_cm":1329,"minecraft:jump":147,"minecraft:leave_game":1,"minecraft:time_since_death":9456,"minecraft:walk_on_water_one_cm":832,"minecraft:total_world_time":9456,"minecraft:fall_one_cm":1891},"minecraft:dropped":{"minecraft:wooden_pickaxe":2},"minecraft:used":{"minecraft:stone_pickaxe":18,"minecraft:wooden_pickaxe":18,"minecraft:stone_axe":41,"minecraft:dirt":6,"minecraft:mutton":1,"minecraft:crafting_table":1,"minecraft:spruce_log":4},"minecraft:crafted":{"minecraft:oak_planks":24,"minecraft:crafting_table":1,"minecraft:stick":8,"minecraft:wooden_pickaxe":1,"minecraft:stone_pickaxe":1,"minecraft:stone_axe":1}},"DataVersion":3953}