{"stats":{"minecraft:picked_up":{"minecraft:stick":1,"minecraft:oak_log":18,"minecraft:spruce_sapling":2,"minecraft:spruce_log":11,"minecraft:oak_sapling":1},"minecraft:mined":{"minecraft:oak_log":18,"minecraft:spruce_log":11,"minecraft:spruce_leaves":17},"minecraft:custom":{"minecraft:time_since_rest":5892,"minecraft:crouch_one_cm":1653,"minecraft:play_time":5892,"minecraft:sprint_one_cm":18982,"minecraft:walk_one_cm":8650,"minecraft:sneak_time":475,"minecraft:walk_under_water_one_cm":1316,"minecraft:jump":158,"minecraft:damage_dealt":217,"minecraft:time_since_death":5892,"minecraft:walk_on_water_one_cm":125,"minecraft:total_world_time":5892,"minecraft:swim_one_cm":1163,"minecraft:interact_with_crafting_table":1,"minecraft:fall_one_cm":3609,"minecraft:fly_one_cm":23290,"minecraft:player_kills":1},"minecraft:used":{"minecraft:wooden_axe":32,"minecraft:crafting_table":1},"minecraft:crafted":{"minecraft:oak_planks":16,"minecraft:crafting_table":1,"minecraft:stick":4,"minecraft:wooden_axe":1}},"DataVersion":3953}